USE vivero2;
INSERT INTO oficina(id_oficina, codigo_oficina,ciudad,pais,region,codigo_postal,telefono) VALUES (1, 'BCN-ES','Barcelona','España','Barcelona','08019','+34 93 3561182');
INSERT INTO oficina(id_oficina, codigo_oficina,ciudad,pais,region,codigo_postal,telefono)  VALUES (2, 'BOS-USA','Boston','EEUU','MA','02108','+1 215 837 0825');
INSERT INTO oficina(id_oficina, codigo_oficina,ciudad,pais,region,codigo_postal,telefono)  VALUES (3, 'LON-UK','Londres','Inglaterra','EMEA','EC2N 1HN','+44 20 78772041');
INSERT INTO oficina(id_oficina, codigo_oficina,ciudad,pais,region,codigo_postal,telefono)  VALUES (4, 'MAD-ES','Madrid','España','Madrid','28032','+34 91 7514487');
INSERT INTO oficina(id_oficina, codigo_oficina,ciudad,pais,region,codigo_postal,telefono)  VALUES (5, 'PAR-FR','Paris','Francia','EMEA','75017','+33 14 723 4404');
INSERT INTO oficina(id_oficina, codigo_oficina,ciudad,pais,region,codigo_postal,telefono)  VALUES (6, 'SFC-USA','San Francisco','EEUU','CA','94080','+1 650 219 4782');
INSERT INTO oficina(id_oficina, codigo_oficina,ciudad,pais,region,codigo_postal,telefono)  VALUES (7, 'SYD-AU','Sydney','Australia','APAC','NSW 2010','+61 2 9264 2451');
INSERT INTO oficina(id_oficina, codigo_oficina,ciudad,pais,region,codigo_postal,telefono) VALUES (8, 'TAL-ES','Talavera de la Reina','España','Castilla-LaMancha','45632','+34 925 867231');
INSERT INTO oficina(id_oficina, codigo_oficina,ciudad,pais,region,codigo_postal,telefono)  VALUES (9, 'TOK-JP','Tokyo','Japón','Chiyoda-Ku','102-8578','+81 33 224 5000');

INSERT INTO cliente(id_cliente, codigo_cliente, nombre_cliente,nombre_contacto ,apellido_contacto,telefono, fax, ciudad,pais,codigo_postal,id_empleado,limite_credito) VALUES (1,1,'GoldFish Garden','Daniel G','GoldFish','5556901745','5556901746','San Francisco','USA','24006',5,3000);
INSERT INTO cliente(id_cliente, codigo_cliente, nombre_cliente,nombre_contacto ,apellido_contacto,telefono, fax, ciudad,pais,codigo_postal,id_empleado,limite_credito) VALUES (2,2,'Gardening Associates','Anne','Wright','5557410345','5557410346','Miami','USA','24010',7,6000);
INSERT INTO cliente(id_cliente, codigo_cliente, nombre_cliente,nombre_contacto ,apellido_contacto,telefono, fax, ciudad,pais,codigo_postal,id_empleado,limite_credito) VALUES (3,3,'Gerudo Valley','Link','Flaute','5552323129','5552323128','New York','USA','85495',9,12000);
INSERT INTO cliente(id_cliente, codigo_cliente, nombre_cliente,nombre_contacto ,apellido_contacto,telefono, fax, ciudad,pais,codigo_postal,id_empleado,limite_credito) VALUES(4,4,'Tendo Garden','Akane','Tendo','55591233210','55591233211','Miami','USA','696969',11,600000);
INSERT INTO cliente(id_cliente, codigo_cliente, nombre_cliente,nombre_contacto ,apellido_contacto,telefono, fax, ciudad,pais,codigo_postal,id_empleado,limite_credito) VALUES(5,5,'Lasas S.A.','Antonio','Lasas','34916540145','34914851312','Fuenlabrada','Spain','28945',13,154310);
INSERT INTO cliente(id_cliente, codigo_cliente, nombre_cliente,nombre_contacto ,apellido_contacto,telefono, fax, ciudad,pais,codigo_postal,id_empleado,limite_credito) VALUES(6,6,'Beragua','Jose','Bermejo','654987321','916549872','Madrid','Spain','28942',15,20000);
INSERT INTO cliente(id_cliente, codigo_cliente, nombre_cliente,nombre_contacto ,apellido_contacto,telefono, fax, ciudad,pais,codigo_postal,id_empleado,limite_credito) VALUES(7,7,'Club Golf Puerta del hierro','Paco','Lopez','62456810','919535678','Madrid','Spain','28930',11,40000);
INSERT INTO cliente(id_cliente, codigo_cliente, nombre_cliente,nombre_contacto ,apellido_contacto,telefono, fax, ciudad,pais,codigo_postal,id_empleado,limite_credito) VALUES(8,8,'Naturagua','Guillermo','Rengifo','689234750','916428956','Madrid','Spain','28947',11,32000);
INSERT INTO cliente(id_cliente, codigo_cliente, nombre_cliente,nombre_contacto ,apellido_contacto,telefono, fax, ciudad,pais,codigo_postal,id_empleado,limite_credito) VALUES(9,9,'DaraDistribuciones','David','Serrano','675598001','916421756','Madrid','Spain','28946',11,50000);
INSERT INTO cliente(id_cliente, codigo_cliente, nombre_cliente,nombre_contacto ,apellido_contacto,telefono, fax, ciudad,pais,codigo_postal,id_empleado,limite_credito) VALUES(10,10,'Madrileña de riegos','Jose','Tacaño','655983045','916689215','Madrid','Spain','28943',11,20000);
INSERT INTO cliente(id_cliente, codigo_cliente, nombre_cliente,nombre_contacto ,apellido_contacto,telefono, fax, ciudad,pais,codigo_postal,id_empleado,limite_credito) VALUES(11,11,'Lasas S.A.','Antonio','Lasas','34916540145','34914851312','Fuenlabrada','Spain','28945',8,154310);
INSERT INTO cliente(id_cliente, codigo_cliente, nombre_cliente,nombre_contacto ,apellido_contacto,telefono, fax, ciudad,pais,codigo_postal,id_empleado,limite_credito) VALUES(12,12,'Camunas Jardines S.L.','Pedro','Camunas','34914873241','34914871541','San Lorenzo del Escorial','Spain','28145',8,16481);
INSERT INTO cliente(id_cliente, codigo_cliente, nombre_cliente,nombre_contacto ,apellido_contacto,telefono, fax, ciudad,pais,codigo_postal,id_empleado,limite_credito) VALUES(13,13,'Dardena S.A.','Juan','Rodriguez','34912453217','34912484764','Madrid','Spain','28003',8,321000);
INSERT INTO cliente(id_cliente, codigo_cliente, nombre_cliente,nombre_contacto ,apellido_contacto,telefono, fax, ciudad,pais,codigo_postal,id_empleado,limite_credito) VALUES(14,14,'Jardin de Flores','Javier','Villar','654865643','914538776','Madrid','Spain','28950',13,40000);
INSERT INTO cliente(id_cliente, codigo_cliente, nombre_cliente,nombre_contacto ,apellido_contacto,telefono, fax, ciudad,pais,codigo_postal,id_empleado,limite_credito) VALUES(15,15,'Flores Marivi','Maria','Rodriguez','666555444','912458657','Fuenlabrada','Spain','28945',5,1500);
INSERT INTO cliente(id_cliente, codigo_cliente, nombre_cliente,nombre_contacto ,apellido_contacto,telefono, fax, ciudad,pais,codigo_postal,id_empleado,limite_credito) VALUES(16,16,'Flowers, S.A','Beatriz','Fernandez','698754159','978453216','Montornes del valles','Spain','24586',5,3500);
INSERT INTO cliente(id_cliente, codigo_cliente, nombre_cliente,nombre_contacto ,apellido_contacto,telefono, fax, ciudad,pais,codigo_postal,id_empleado,limite_credito) VALUES(17,17,'Naturajardin','Victoria','Cruz','612343529','916548735','Madrid','Spain','28011',16,5050);
INSERT INTO cliente(id_cliente, codigo_cliente, nombre_cliente,nombre_contacto ,apellido_contacto,telefono, fax, ciudad,pais,codigo_postal,id_empleado,limite_credito) VALUES(18,18,'Golf S.A.','Luis','Martinez','916458762','912354475','C/Estancado','Spain','38297',12,30000);
INSERT INTO cliente(id_cliente, codigo_cliente, nombre_cliente,nombre_contacto ,apellido_contacto,telefono, fax, ciudad,pais,codigo_postal,id_empleado,limite_credito) VALUES(19,19,'Americh Golf Management SL','Mario','Suarez','964493072','964493063','Barcelona','Spain','12320',12,20000);

INSERT INTO gama_producto(id_gama, gama,descripcion_texto,imagen,descripcion_html) VALUES (1,'Herbaceas','Plantas para jardin decorativas',NULL,NULL);
INSERT INTO gama_producto(id_gama, gama,descripcion_texto,imagen,descripcion_html) VALUES (2,'Herramientas','Herramientas para todo tipo de acción',NULL,NULL);
INSERT INTO gama_producto(id_gama, gama,descripcion_texto,imagen,descripcion_html) VALUES (3,'Aromáticas','Plantas aromáticas',NULL,NULL);
INSERT INTO gama_producto(id_gama, gama,descripcion_texto,imagen,descripcion_html) VALUES (4,'Frutales','Árboles pequeños de producción frutal',NULL,NULL);
INSERT INTO gama_producto(id_gama, gama,descripcion_texto,imagen,descripcion_html) VALUES (5,'Ornamentales','Plantas vistosas para la decoración del jardín',NULL,NULL);

INSERT INTO pedido(id_pedido, codigo_pedido, fecha_pedido, fecha_esperada, fecha_entrega, estado,comentarios,id_cliente) VALUES (1,1,'2006-01-17','2006-01-19','2006-01-19','Entregado','Pagado a plazos',5);
INSERT INTO pedido(id_pedido, codigo_pedido, fecha_pedido, fecha_esperada, fecha_entrega, estado,comentarios,id_cliente) VALUES(2,2,'2007-10-23','2007-10-28','2007-10-26','Entregado','La entrega llego antes de lo esperado',5);
INSERT INTO pedido(id_pedido, codigo_pedido, fecha_pedido, fecha_esperada, fecha_entrega, estado,comentarios,id_cliente) VALUES(3,3,'2008-06-20','2008-06-25',NULL,'Rechazado','Limite de credito superado',5);
INSERT INTO pedido(id_pedido, codigo_pedido, fecha_pedido, fecha_esperada, fecha_entrega, estado,comentarios,id_cliente) VALUES(4,4,'2009-01-20','2009-01-26',NULL,'Pendiente',NULL,5);
INSERT INTO pedido(id_pedido, codigo_pedido, fecha_pedido, fecha_esperada, fecha_entrega, estado,comentarios,id_cliente) VALUES(5,5,'2008-11-09','2008-11-14','2008-11-14','Entregado','El cliente paga la mitad con tarjeta y la otra mitad con efectivo, se le realizan dos facturas',1);
INSERT INTO pedido(id_pedido, codigo_pedido, fecha_pedido, fecha_esperada, fecha_entrega, estado,comentarios,id_cliente) VALUES(9,9,'2008-12-22','2008-12-27','2008-12-28','Entregado','El cliente comprueba la integridad del paquete, todo correcto',1);
INSERT INTO pedido(id_pedido, codigo_pedido, fecha_pedido, fecha_esperada, fecha_entrega, estado,comentarios,id_cliente) VALUES(10,10,'2009-01-15','2009-01-20',NULL,'Pendiente','El cliente llama para confirmar la fecha - Esperando al proveedor',3);
INSERT INTO pedido(id_pedido, codigo_pedido, fecha_pedido, fecha_esperada, fecha_entrega, estado,comentarios,id_cliente) VALUES(11,11,'2009-01-20','2009-01-27',NULL,'Pendiente','El cliente requiere que el pedido se le entregue de 16:00h a 22:00h',1);
INSERT INTO pedido(id_pedido, codigo_pedido, fecha_pedido, fecha_esperada, fecha_entrega, estado,comentarios,id_cliente) VALUES(12,12,'2009-01-22','2009-01-27',NULL,'Pendiente','El cliente requiere que el pedido se le entregue de 9:00h a 13:00h',1);
INSERT INTO pedido(id_pedido, codigo_pedido, fecha_pedido, fecha_esperada, fecha_entrega, estado,comentarios,id_cliente) VALUES(13,13,'2009-01-12','2009-01-14','2009-01-15','Entregado',NULL,7);
INSERT INTO pedido(id_pedido, codigo_pedido, fecha_pedido, fecha_esperada, fecha_entrega, estado,comentarios,id_cliente) VALUES(14,14,'2009-01-02','2009-01-02',null,'Rechazado','mal pago',7);
INSERT INTO pedido(id_pedido, codigo_pedido, fecha_pedido, fecha_esperada, fecha_entrega, estado,comentarios,id_cliente) VALUES(15,15,'2009-01-09','2009-01-12','2009-01-11','Entregado',NULL,7);
INSERT INTO pedido(id_pedido, codigo_pedido, fecha_pedido, fecha_esperada, fecha_entrega, estado,comentarios,id_cliente) VALUES(16,16,'2009-01-06','2009-01-07','2009-01-15','Entregado',NULL,7);
INSERT INTO pedido(id_pedido, codigo_pedido, fecha_pedido, fecha_esperada, fecha_entrega, estado,comentarios,id_cliente) VALUES(17,17,'2009-01-08','2009-01-09','2009-01-11','Entregado','mal estado',7);
INSERT INTO pedido(id_pedido, codigo_pedido, fecha_pedido, fecha_esperada, fecha_entrega, estado,comentarios,id_cliente) VALUES(18,18,'2009-01-05','2009-01-06','2009-01-07','Entregado',NULL,9);
INSERT INTO pedido(id_pedido, codigo_pedido, fecha_pedido, fecha_esperada, fecha_entrega, estado,comentarios,id_cliente) VALUES(19,19,'2009-01-18','2009-02-12',NULL,'Pendiente','entregar en murcia',9);
INSERT INTO pedido(id_pedido, codigo_pedido, fecha_pedido, fecha_esperada, fecha_entrega, estado,comentarios,id_cliente) VALUES(20,20,'2009-01-20','2009-02-15',NULL,'Pendiente',NULL,9);
INSERT INTO pedido(id_pedido, codigo_pedido, fecha_pedido, fecha_esperada, fecha_entrega, estado,comentarios,id_cliente) VALUES(21,21,'2009-01-09','2009-01-09','2009-01-09','Rechazado','mal pago',9);
INSERT INTO pedido(id_pedido, codigo_pedido, fecha_pedido, fecha_esperada, fecha_entrega, estado,comentarios,id_cliente) VALUES(22,22,'2009-01-11','2009-01-11','2009-01-13','Entregado',NULL,9);
INSERT INTO pedido(id_pedido, codigo_pedido, fecha_pedido, fecha_esperada, fecha_entrega, estado,comentarios,id_cliente) VALUES(23,23,'2008-12-30','2009-01-10',NULL,'Rechazado','El pedido fue anulado por el cliente',5);
INSERT INTO pedido(id_pedido, codigo_pedido, fecha_pedido, fecha_esperada, fecha_entrega, estado,comentarios,id_cliente) VALUES(24,24,'2008-07-14','2008-07-31','2008-07-25','Entregado',NULL,14);
INSERT INTO pedido(id_pedido, codigo_pedido, fecha_pedido, fecha_esperada, fecha_entrega, estado,comentarios,id_cliente) VALUES(25,25,'2009-02-02','2009-02-08',NULL,'Rechazado','El cliente carece de saldo en la cuenta asociada',1);
INSERT INTO pedido(id_pedido, codigo_pedido, fecha_pedido, fecha_esperada, fecha_entrega, estado,comentarios,id_cliente) VALUES(26,26,'2009-02-06','2009-02-12',NULL,'Rechazado','El cliente anula la operacion para adquirir mas producto',3);
INSERT INTO pedido(id_pedido, codigo_pedido, fecha_pedido, fecha_esperada, fecha_entrega, estado,comentarios,id_cliente) VALUES(27,27,'2009-02-07','2009-02-13',NULL,'Entregado','El pedido aparece como entregado pero no sabemos en que fecha',3);
INSERT INTO pedido(id_pedido, codigo_pedido, fecha_pedido, fecha_esperada, fecha_entrega, estado,comentarios,id_cliente) VALUES(28,28,'2009-02-10','2009-02-17','2009-02-20','Entregado','El cliente se queja bastante de la espera asociada al producto',3);
INSERT INTO pedido(id_pedido, codigo_pedido, fecha_pedido, fecha_esperada, fecha_entrega, estado,comentarios,id_cliente) VALUES(29,29,'2008-08-01','2008-09-01','2008-09-01','Rechazado','El cliente no está conforme con el pedido',14);
INSERT INTO pedido(id_pedido, codigo_pedido, fecha_pedido, fecha_esperada, fecha_entrega, estado,comentarios,id_cliente) VALUES(30,30,'2008-08-03','2008-09-03','2008-08-31','Entregado',NULL,13);
INSERT INTO pedido(id_pedido, codigo_pedido, fecha_pedido, fecha_esperada, fecha_entrega, estado,comentarios,id_cliente) VALUES(31,31,'2008-09-04','2008-09-30','2008-10-04','Rechazado','El cliente ha rechazado por llegar 5 dias tarde',13);
INSERT INTO pedido(id_pedido, codigo_pedido, fecha_pedido, fecha_esperada, fecha_entrega, estado,comentarios,id_cliente) VALUES(32,32,'2007-01-07','2007-01-19','2007-01-27','Entregado','Entrega tardia, el cliente puso reclamacion',4);
INSERT INTO pedido(id_pedido, codigo_pedido, fecha_pedido, fecha_esperada, fecha_entrega, estado,comentarios,id_cliente) VALUES(33,33,'2007-05-20','2007-05-28',NULL,'Rechazado','El pedido fue anulado por el cliente',4);
INSERT INTO pedido(id_pedido, codigo_pedido, fecha_pedido, fecha_esperada, fecha_entrega, estado,comentarios,id_cliente) VALUES(34,34,'2007-06-20','2008-06-28','2008-06-28','Entregado','Pagado a plazos',4);
INSERT INTO pedido(id_pedido, codigo_pedido, fecha_pedido, fecha_esperada, fecha_entrega, estado,comentarios,id_cliente) VALUES(35,35,'2008-03-10','2009-03-20',NULL,'Rechazado','Limite de credito superado',4);
INSERT INTO pedido(id_pedido, codigo_pedido, fecha_pedido, fecha_esperada, fecha_entrega, estado,comentarios,id_cliente) VALUES(36,36,'2008-10-15','2008-12-15','2008-12-10','Entregado',NULL,14);
INSERT INTO pedido(id_pedido, codigo_pedido, fecha_pedido, fecha_esperada, fecha_entrega, estado,comentarios,id_cliente) VALUES(37,37,'2008-11-03','2009-11-13',NULL,'Pendiente','El pedido nunca llego a su destino',4);
INSERT INTO pedido(id_pedido, codigo_pedido, fecha_pedido, fecha_esperada, fecha_entrega, estado,comentarios,id_cliente) VALUES(38,38,'2009-03-05','2009-03-06','2009-03-07','Entregado',NULL,19);
INSERT INTO pedido(id_pedido, codigo_pedido, fecha_pedido, fecha_esperada, fecha_entrega, estado,comentarios,id_cliente) VALUES(39,39,'2009-03-06','2009-03-07','2009-03-09','Pendiente',NULL,19);
INSERT INTO pedido(id_pedido, codigo_pedido, fecha_pedido, fecha_esperada, fecha_entrega, estado,comentarios,id_cliente) VALUES(40,40,'2009-03-09','2009-03-10','2009-03-13','Rechazado',NULL,19);

INSERT INTO empleado(id_empleado,codigo_empleado,nombre,apellido,extension,email,id_oficina, id_jefe,puesto) VALUES (1,1,'Marcos','Magaña','3897','marcos@jardineria.es',1,1,'Director General');
INSERT INTO empleado(id_empleado,codigo_empleado,nombre,apellido,extension,email,id_oficina, id_jefe,puesto) VALUES (2,2,'Ruben','López','2899','rlopez@jardineria.es',1,1,'Subdirector Marketing');
INSERT INTO empleado(id_empleado,codigo_empleado,nombre,apellido,extension,email,id_oficina, id_jefe,puesto) VALUES (3,3,'Alberto','Soria','2837','asoria@jardineria.es',2,2,'Subdirector Ventas');
INSERT INTO empleado(id_empleado,codigo_empleado,nombre,apellido,extension,email,id_oficina, id_jefe,puesto) VALUES (4,4,'Maria','Solís','2847','msolis@jardineria.es',2,2,'Secretaria');
INSERT INTO empleado(id_empleado,codigo_empleado,nombre,apellido,extension,email,id_oficina, id_jefe,puesto) VALUES (5,5,'Felipe','Rosas','2844','frosas@jardineria.es',3,3,'Representante Ventas');
INSERT INTO empleado(id_empleado,codigo_empleado,nombre,apellido,extension,email,id_oficina, id_jefe,puesto) VALUES (6,6,'Juan Carlos','Ortiz','2845','cortiz@jardineria.es',3,3,'Representante Ventas');
INSERT INTO empleado(id_empleado,codigo_empleado,nombre,apellido,extension,email,id_oficina, id_jefe,puesto) VALUES (7,7,'Carlos','Soria','2444','csoria@jardineria.es',5,3,'Director Oficina');
INSERT INTO empleado(id_empleado,codigo_empleado,nombre,apellido,extension,email,id_oficina, id_jefe,puesto) VALUES (8,8,'Mariano','López','2442','mlopez@jardineria.es',4,7,'Representante Ventas');
INSERT INTO empleado(id_empleado,codigo_empleado,nombre,apellido,extension,email,id_oficina, id_jefe,puesto) VALUES (9,9,'Lucio','Campoamor','2442','lcampoamor@jardineria.es',5,7,'Representante Ventas');
INSERT INTO empleado(id_empleado,codigo_empleado,nombre,apellido,extension,email,id_oficina, id_jefe,puesto) VALUES (10,10,'Hilario','Rodriguez','2444','hrodriguez@jardineria.es',6,7,'Representante Ventas');
INSERT INTO empleado(id_empleado,codigo_empleado,nombre,apellido,extension,email,id_oficina, id_jefe,puesto) VALUES (11,11,'Emmanuel','Magaña','2518','manu@jardineria.es',6,3,'Director Oficina');
INSERT INTO empleado(id_empleado,codigo_empleado,nombre,apellido,extension,email,id_oficina, id_jefe,puesto) VALUES (12,12,'José Manuel','Martinez','2519','jmmart@hotmail.es',6,11,'Representante Ventas');
INSERT INTO empleado(id_empleado,codigo_empleado,nombre,apellido,extension,email,id_oficina, id_jefe,puesto) VALUES (13,13,'David','Palma','2519','dpalma@jardineria.es',5,11,'Representante Ventas');
INSERT INTO empleado(id_empleado,codigo_empleado,nombre,apellido,extension,email,id_oficina, id_jefe,puesto) VALUES (14,14,'Oscar','Palma','2519','opalma@jardineria.es',4,11,'Representante Ventas');
INSERT INTO empleado(id_empleado,codigo_empleado,nombre,apellido,extension,email,id_oficina, id_jefe,puesto) VALUES (15,15,'Francois','Fignon','9981','ffignon@gardening.com',8,3,'Director Oficina');
INSERT INTO empleado(id_empleado,codigo_empleado,nombre,apellido,extension,email,id_oficina, id_jefe,puesto) VALUES (16,16,'Lionel','Narvaez','9982','lnarvaez@gardening.com',9,15,'Representante Ventas');
INSERT INTO empleado(id_empleado,codigo_empleado,nombre,apellido,extension,email,id_oficina, id_jefe,puesto) VALUES (17,17,'Laurent','Serra','9982','lserra@gardening.com',7,15,'Representante Ventas');
INSERT INTO empleado(id_empleado,codigo_empleado,nombre,apellido,extension,email,id_oficina, id_jefe,puesto) VALUES (18,18,'Michael','Bolton','7454','mbolton@gardening.com',7,3,'Director Oficina');
INSERT INTO empleado(id_empleado,codigo_empleado,nombre,apellido,extension,email,id_oficina, id_jefe,puesto) VALUES (19,19,'Walter Santiago','Lopez','7454','wssanchez@gardening.com',8,1,'Representante Ventas');
INSERT INTO empleado(id_empleado,codigo_empleado,nombre,apellido,extension,email,id_oficina, id_jefe,puesto) VALUES (20,20,'Hilary','Washington','7565','hwashington@gardening.com',9,3,'Director Oficina');

INSERT INTO producto(id_producto,codigo_producto,nombre,id_gama,dimensiones,proveedor,descripcion,cantidad_en_stock,precio_venta,precio_proveedor) VALUES (1,'11679','Sierra de Poda 400MM',2,'0,258','HiperGarden Tools','Gracias a la poda se consigue manipular un poco la naturaleza',15,14,11);
INSERT INTO producto(id_producto,codigo_producto,nombre,id_gama,dimensiones,proveedor,descripcion,cantidad_en_stock,precio_venta,precio_proveedor) VALUES (2,'21636','Pala',2,'0,156','HiperGarden Tools','Palas de acero con cresta de corte en la punta para cortar bien el terreno. Buena penetración en tierras muy compactas.',15,14,13);
INSERT INTO producto(id_producto,codigo_producto,nombre,id_gama,dimensiones,proveedor,descripcion,cantidad_en_stock,precio_venta,precio_proveedor) VALUES (3,'22225','Rastrillo de Jardín',2,'1,064','HiperGarden Tools','Fabuloso rastillo que le ayudará a eliminar piedras, hojas, ramas y otros elementos incómodos en su jardín.',15,12,11);
INSERT INTO producto(id_producto,codigo_producto,nombre,id_gama,dimensiones,proveedor,descripcion,cantidad_en_stock,precio_venta,precio_proveedor) VALUES (4,'30310','Azadón',2,'0,168','HiperGarden Tools','Longitud:24cm. Herramienta fabricada en acero y pintura epoxi,alargando su durabilidad y preveniendo la corrosión.Diseño pensado para el ahorro de trabajo.',15,12,11);
INSERT INTO producto(id_producto,codigo_producto,nombre,id_gama,dimensiones,proveedor,descripcion,cantidad_en_stock,precio_venta,precio_proveedor) VALUES (5,'AR-001','Ajedrea',3,'15-20','Murcia Seasons','Planta aromática que fresca se utiliza para condimentar carnes y ensaladas, y seca, para pastas, sopas y guisantes',140,1,0);
INSERT INTO producto(id_producto,codigo_producto,nombre,id_gama,dimensiones,proveedor,descripcion,cantidad_en_stock,precio_venta,precio_proveedor) VALUES (6,'AR-002','Lavándula Dentata',3,'15-20','Murcia Seasons','Espliego de jardín, Alhucema rizada, Alhucema dentada, Cantueso rizado. Familia: Lamiaceae.Origen: España y Portugal. Mata de unos 60 cm de alto. ',140,1,0);
INSERT INTO producto(id_producto,codigo_producto,nombre,id_gama,dimensiones,proveedor,descripcion,cantidad_en_stock,precio_venta,precio_proveedor) VALUES (7,'AR-003','Mejorana',3,'15-20','Murcia Seasons','Origanum majorana. No hay que confundirlo con el orégano. Su sabor se parece más al tomillo, pero es más dulce y aromático.Se usan las hojas frescas o secas',140,1,0);
INSERT INTO producto(id_producto,codigo_producto,nombre,id_gama,dimensiones,proveedor,descripcion,cantidad_en_stock,precio_venta,precio_proveedor) VALUES (8,'AR-004','Melissa ',3,'15-20','Murcia Seasons','Es una planta perenne (dura varios años) conocida por el agradable y característico olor a limón que desprenden en verano. ',140,1,0);
INSERT INTO producto(id_producto,codigo_producto,nombre,id_gama,dimensiones,proveedor,descripcion,cantidad_en_stock,precio_venta,precio_proveedor) VALUES (9,'AR-005','Mentha Sativa',3,'15-20','Murcia Seasons','¿Quién no conoce la Hierbabuena? Se trata de una plantita muy aromática, agradable y cultivada extensamente por toda España. ',140,1,0);
INSERT INTO producto(id_producto,codigo_producto,nombre,id_gama,dimensiones,proveedor,descripcion,cantidad_en_stock,precio_venta,precio_proveedor) VALUES (10,'AR-006','Petrosilium Hortense (Peregil)',3,'15-20','Murcia Seasons','Nombre científico o latino: Petroselinum hortense, Petroselinum crispum. Nombre común o vulgar: Perejil',140,1,0);
INSERT INTO producto(id_producto,codigo_producto,nombre,id_gama,dimensiones,proveedor,descripcion,cantidad_en_stock,precio_venta,precio_proveedor) VALUES (11,'AR-007','Salvia Mix',3,'15-20','Murcia Seasons','La Salvia es un pequeño arbusto que llega hasta el metro de alto.Tiene una vida breve, de unos pocos años.',140,1,0);
INSERT INTO producto(id_producto,codigo_producto,nombre,id_gama,dimensiones,proveedor,descripcion,cantidad_en_stock,precio_venta,precio_proveedor) VALUES (12,'AR-008','Thymus Citriodra (Tomillo limón)',3,'15-20','Murcia Seasons','Nombre común o vulgar: Tomillo, Tremoncillo Familia: Labiatae (Labiadas).',140,1,0);
INSERT INTO producto(id_producto,codigo_producto,nombre,id_gama,dimensiones,proveedor,descripcion,cantidad_en_stock,precio_venta,precio_proveedor) VALUES (13,'AR-009','Thymus Vulgaris',3,'15-20','Murcia Seasons','Nombre común o vulgar: Tomillo, Tremoncillo Familia: Labiatae (Labiadas). ',140,1,0);
INSERT INTO producto(id_producto,codigo_producto,nombre,id_gama,dimensiones,proveedor,descripcion,cantidad_en_stock,precio_venta,precio_proveedor) VALUES (14,'AR-010','Santolina Chamaecyparys',3,'15-20','Murcia Seasons','',140,1,0);
INSERT INTO producto(id_producto,codigo_producto,nombre,id_gama,dimensiones,proveedor,descripcion,cantidad_en_stock,precio_venta,precio_proveedor) VALUES (15,'FR-1','Expositor Cítricos Mix',4,'100-120','Frutales Talavera S.A','',15,7,5);
INSERT INTO producto(id_producto,codigo_producto,nombre,id_gama,dimensiones,proveedor,descripcion,cantidad_en_stock,precio_venta,precio_proveedor) VALUES (16,'FR-10','Limonero 2 años injerto',4,'','NaranjasValencianas.com','El limonero, pertenece al grupo de los cítricos, teniendo su origen hace unos 20 millones de años',15,7,5);
INSERT INTO producto(id_producto,codigo_producto,nombre,id_gama,dimensiones,proveedor,descripcion,cantidad_en_stock,precio_venta,precio_proveedor) VALUES (17,'FR-100','Nectarina',4,'8/10','Frutales Talavera S.A','Se trata de un árbol derivado por mutación de los melocotoneros comunes',50,11,8);
INSERT INTO producto(id_producto,codigo_producto,nombre,id_gama,dimensiones,proveedor,descripcion,cantidad_en_stock,precio_venta,precio_proveedor) VALUES (18,'FR-101','Nogal',4,'8/10','Frutales Talavera S.A','',50,13,10);
INSERT INTO producto(id_producto,codigo_producto,nombre,id_gama,dimensiones,proveedor,descripcion,cantidad_en_stock,precio_venta,precio_proveedor) VALUES (19,'FR-102','Olea-Olivos',4,'8/10','Frutales Talavera S.A','Existen dos hipótesis sobre el origen del olivo',50,18,14);
INSERT INTO producto(id_producto,codigo_producto,nombre,id_gama,dimensiones,proveedor,descripcion,cantidad_en_stock,precio_venta,precio_proveedor) VALUES (20,'FR-103','Olea-Olivos',4,'10/12','Frutales Talavera S.A','Existen dos hipótesis sobre el origen del olivo',50,25,20);
INSERT INTO producto(id_producto,codigo_producto,nombre,id_gama,dimensiones,proveedor,descripcion,cantidad_en_stock,precio_venta,precio_proveedor) VALUES (21,'FR-104','Olea-Olivos',4,'12/4','Frutales Talavera S.A','Existen dos hipótesis sobre el origen del olivo, ',50,49,39);
INSERT INTO producto(id_producto,codigo_producto,nombre,id_gama,dimensiones,proveedor,descripcion,cantidad_en_stock,precio_venta,precio_proveedor) VALUES (22,'FR-105','Olea-Olivos',4,'14/16','Frutales Talavera S.A','Existen dos hipótesis sobre el origen del olivo',50,70,56);
INSERT INTO producto(id_producto,codigo_producto,nombre,id_gama,dimensiones,proveedor,descripcion,cantidad_en_stock,precio_venta,precio_proveedor) VALUES (23,'FR-106','Peral',4,'8/10','Frutales Talavera S.A','Árbol piramidal, redondeado en su juventud, luego oval',50,11,8);
INSERT INTO producto(id_producto,codigo_producto,nombre,id_gama,dimensiones,proveedor,descripcion,cantidad_en_stock,precio_venta,precio_proveedor) VALUES (24,'FR-107','Peral',4,'10/12','Frutales Talavera S.A','Árbol piramidal, redondeado en su juventud, luego oval',50,22,17);
INSERT INTO producto(id_producto,codigo_producto,nombre,id_gama,dimensiones,proveedor,descripcion,cantidad_en_stock,precio_venta,precio_proveedor) VALUES (25,'FR-108','Peral',4,'12/14','Frutales Talavera S.A','Árbol piramidal, redondeado en su juventud, luego oval',50,32,25);
INSERT INTO producto(id_producto,codigo_producto,nombre,id_gama,dimensiones,proveedor,descripcion,cantidad_en_stock,precio_venta,precio_proveedor) VALUES (26,'FR-11','Limonero 30/40',4,'','NaranjasValencianas.com','El limonero, pertenece al grupo de los cítricos,',15,100,80);
INSERT INTO producto(id_producto,codigo_producto,nombre,id_gama,dimensiones,proveedor,descripcion,cantidad_en_stock,precio_venta,precio_proveedor) VALUES (27,'FR-12','Kunquat ',4,'','NaranjasValencianas.com','su nombre científico se origina en honor a un hoticultor escocés que recolectó especímenes en China',15,21,16);
INSERT INTO producto(id_producto,codigo_producto,nombre,id_gama,dimensiones,proveedor,descripcion,cantidad_en_stock,precio_venta,precio_proveedor) VALUES (28,'FR-13','Kunquat  EXTRA con FRUTA',4,'150-170','NaranjasValencianas.com','su nombre científico se origina en honor a un hoticultor escocés que recolectó especímenes en China',15,57,45);
INSERT INTO producto(id_producto,codigo_producto,nombre,id_gama,dimensiones,proveedor,descripcion,cantidad_en_stock,precio_venta,precio_proveedor) VALUES (29,'FR-14','Calamondin Mini',4,'','Frutales Talavera S.A','Se trata de un pequeño arbolito de copa densa, con tendencia a la verticalidad, inerme o con cortas espinas. Sus hojas son pequeñas',15,10,8);
INSERT INTO producto(id_producto,codigo_producto,nombre,id_gama,dimensiones,proveedor,descripcion,cantidad_en_stock,precio_venta,precio_proveedor) VALUES (30,'FR-15','Calamondin Copa ',4,'','Frutales Talavera S.A','Se trata de un pequeño arbolito de copa densa, con tendencia a la verticalidad, inerme o con cortas espinas. Sus hojas son pequeñas',15,25,20);
INSERT INTO producto(id_producto,codigo_producto,nombre,id_gama,dimensiones,proveedor,descripcion,cantidad_en_stock,precio_venta,precio_proveedor) VALUES (31,'FR-16','Calamondin Copa EXTRA Con FRUTA',4,'100-120','Frutales Talavera S.A','Se trata de un pequeño arbolito de copa densa, con tendencia a la verticalidad, inerme o con cortas espinas. ',15,45,36);
INSERT INTO producto(id_producto,codigo_producto,nombre,id_gama,dimensiones,proveedor,descripcion,cantidad_en_stock,precio_venta,precio_proveedor) VALUES (32,'FR-17','Rosal bajo 1Âª -En maceta-inicio brotación',4,'','Frutales Talavera S.A','',15,2,1);
INSERT INTO producto(id_producto,codigo_producto,nombre,id_gama,dimensiones,proveedor,descripcion,cantidad_en_stock,precio_venta,precio_proveedor) VALUES (33,'FR-18','ROSAL TREPADOR',4,'','Frutales Talavera S.A','',350,4,3);
INSERT INTO producto(id_producto,codigo_producto,nombre,id_gama,dimensiones,proveedor,descripcion,cantidad_en_stock,precio_venta,precio_proveedor) VALUES (34,'FR-19','Camelia Blanco, Chrysler Rojo, Soraya Naranja, ',4,'','NaranjasValencianas.com','',350,4,3);
INSERT INTO producto(id_producto,codigo_producto,nombre,id_gama,dimensiones,proveedor,descripcion,cantidad_en_stock,precio_venta,precio_proveedor) VALUES (35,'FR-2','Naranjo -Plantón joven 1 año injerto',4,'','NaranjasValencianas.com','El naranjo es un árbol pequeño, que no supera los 3-5 metros de altura, con una copa compacta, cónica',15,6,4);
INSERT INTO producto(id_producto,codigo_producto,nombre,id_gama,dimensiones,proveedor,descripcion,cantidad_en_stock,precio_venta,precio_proveedor) VALUES (36,'FR-20','Landora Amarillo, Rose Gaujard bicolor blanco-rojo',4,'','Frutales Talavera S.A','',350,4,3);
INSERT INTO producto(id_producto,codigo_producto,nombre,id_gama,dimensiones,proveedor,descripcion,cantidad_en_stock,precio_venta,precio_proveedor) VALUES (37,'FR-21','Kordes Perfect bicolor rojo-amarillo, Roundelay rojo fuerte',4,'','Frutales Talavera S.A','',350,4,3);
INSERT INTO producto(id_producto,codigo_producto,nombre,id_gama,dimensiones,proveedor,descripcion,cantidad_en_stock,precio_venta,precio_proveedor) VALUES (38,'FR-22','Pitimini rojo',4,'','Frutales Talavera S.A','',350,4,3);
INSERT INTO producto(id_producto,codigo_producto,nombre,id_gama,dimensiones,proveedor,descripcion,cantidad_en_stock,precio_venta,precio_proveedor) VALUES (39,'FR-23','Rosal copa ',4,'','Frutales Talavera S.A','',400,8,6);
INSERT INTO producto(id_producto,codigo_producto,nombre,id_gama,dimensiones,proveedor,descripcion,cantidad_en_stock,precio_venta,precio_proveedor) VALUES (40,'FR-24','Albaricoquero Corbato',4,'','Melocotones de Cieza S.A.','árbol que puede pasar de los 6 m de altura, en la región mediterránea con ramas formando una copa redondeada. ',400,8,6);
INSERT INTO producto(id_producto,codigo_producto,nombre,id_gama,dimensiones,proveedor,descripcion,cantidad_en_stock,precio_venta,precio_proveedor) VALUES (41,'FR-25','Albaricoquero Moniqui',4,'','Melocotones de Cieza S.A.','árbol que puede pasar de los 6 m de altura, en la región mediterránea con ramas formando una copa redondeada. ',400,8,6);
INSERT INTO producto(id_producto,codigo_producto,nombre,id_gama,dimensiones,proveedor,descripcion,cantidad_en_stock,precio_venta,precio_proveedor) VALUES (42,'FR-26','Albaricoquero Kurrot',4,'','Melocotones de Cieza S.A.','árbol que puede pasar de los 6 m de altura, en la región mediterránea con ramas formando una copa redondeada. ',400,8,6);
INSERT INTO producto(id_producto,codigo_producto,nombre,id_gama,dimensiones,proveedor,descripcion,cantidad_en_stock,precio_venta,precio_proveedor) VALUES (43,'FR-27','Cerezo Burlat',4,'','Jerte Distribuciones S.L.','Las principales especies de cerezo cultivadas en el mundo son el cerezo dulce (Prunus avium), el guindo (P. cerasus) y el cerezo \"Duke\", híbrido de los anteriores. Ambas especies son naturales del sureste de Europa y oeste de Asia. ' ,400,8,6);
INSERT INTO producto(id_producto,codigo_producto,nombre,id_gama,dimensiones,proveedor,descripcion,cantidad_en_stock,precio_venta,precio_proveedor) VALUES (44,'FR-28','Cerezo Picota',4,'','Jerte Distribuciones S.L.','Las principales especies de cerezo cultivadas en el mundo son el cerezo dulce (Prunus avium), el guindo (P. cerasus) y el cerezo \"Duke\", híbrido de los anteriores. Ambas especies son naturales del sureste de Europa y oeste de Asia.  ',400,8,6);
INSERT INTO producto(id_producto,codigo_producto,nombre,id_gama,dimensiones,proveedor,descripcion,cantidad_en_stock,precio_venta,precio_proveedor) VALUES (45,'FR-29','Cerezo Napoleón',4,'','Jerte Distribuciones S.L.','Las principales especies de cerezo cultivadas en el mundo son el cerezo dulce (Prunus avium), el guindo (P. cerasus) y el cerezo \"Duke\", híbrido de los anteriores. Ambas especies son naturales del sureste de Europa y oeste de Asia.  ',400,8,6);
INSERT INTO producto(id_producto,codigo_producto,nombre,id_gama,dimensiones,proveedor,descripcion,cantidad_en_stock,precio_venta,precio_proveedor) VALUES (46,'FR-3','Naranjo 2 años injerto',4,'','NaranjasValencianas.com','El naranjo es un árbol pequeño, que no supera los 3-5 metros de altura, con una copa compacta, cónica, transformada en esérica gracias a la poda. Su tronco es de color gris y liso, y las hojas son perennes, coriáceas, de un verde intenso y brillante',15,7,5);
INSERT INTO producto(id_producto,codigo_producto,nombre,id_gama,dimensiones,proveedor,descripcion,cantidad_en_stock,precio_venta,precio_proveedor) VALUES (47,'FR-30','Ciruelo R. Claudia Verde   ',4,'','Frutales Talavera S.A','árbol de tamaño mediano que alcanza una altura máxima de 5-6 m. Tronco de corteza pardo-azulada, brillante, lisa o agrietada longitudinalmente. Produce ramas alternas, pequeñas, delgadas, unas veces lisas, glabras y otras pubescentes y vellosas',400,8,6);
INSERT INTO producto(id_producto,codigo_producto,nombre,id_gama,dimensiones,proveedor,descripcion,cantidad_en_stock,precio_venta,precio_proveedor) VALUES (48,'FR-31','Ciruelo Santa Rosa',4,'','Frutales Talavera S.A','árbol de tamaño mediano que alcanza una altura máxima de 5-6 m. Tronco de corteza pardo-azulada, brillante, lisa o agrietada longitudinalmente. Produce ramas alternas, pequeñas, delgadas, unas veces lisas, glabras y otras pubescentes y vellosas',400,8,6);
INSERT INTO producto(id_producto,codigo_producto,nombre,id_gama,dimensiones,proveedor,descripcion,cantidad_en_stock,precio_venta,precio_proveedor) VALUES (49,'FR-32','Ciruelo Golden Japan',4,'','Frutales Talavera S.A','árbol de tamaño mediano que alcanza una altura máxima de 5-6 m. Tronco de corteza pardo-azulada, brillante, lisa o agrietada longitudinalmente. Produce ramas alternas, pequeñas, delgadas, unas veces lisas, glabras y otras pubescentes y vellosas',400,8,6);
INSERT INTO producto(id_producto,codigo_producto,nombre,id_gama,dimensiones,proveedor,descripcion,cantidad_en_stock,precio_venta,precio_proveedor) VALUES (50,'FR-33','Ciruelo Friar',4,'','Frutales Talavera S.A','árbol de tamaño mediano que alcanza una altura máxima de 5-6 m. Tronco de corteza pardo-azulada, brillante, lisa o agrietada longitudinalmente. Produce ramas alternas, pequeñas, delgadas, unas veces lisas, glabras y otras pubescentes y vellosas',400,8,6);


  
INSERT INTO detalle_pedido(id_detalle_pedido, cantidad,numero_linea, precio_unidad,id_producto, id_pedido) VALUES (1,1,45,10,50,3);
INSERT INTO detalle_pedido(id_detalle_pedido, cantidad,numero_linea, precio_unidad,id_producto, id_pedido) VALUES(2,1,46,40,4,1);
INSERT INTO detalle_pedido(id_detalle_pedido, cantidad,numero_linea, precio_unidad,id_producto, id_pedido) VALUES(3,1,31,25,4,2);
INSERT INTO detalle_pedido(id_detalle_pedido, cantidad,numero_linea, precio_unidad,id_producto, id_pedido) VALUES(4,1,3,15,19,4);
INSERT INTO detalle_pedido(id_detalle_pedido, cantidad,numero_linea, precio_unidad,id_producto, id_pedido) VALUES(5,1,5,23,14,5);
INSERT INTO detalle_pedido(id_detalle_pedido, cantidad,numero_linea, precio_unidad,id_producto, id_pedido) VALUES(6,2,6,3,29,9);
INSERT INTO detalle_pedido(id_detalle_pedido, cantidad,numero_linea, precio_unidad,id_producto, id_pedido) VALUES(7,2,7,7,8,19);
INSERT INTO detalle_pedido(id_detalle_pedido, cantidad,numero_linea, precio_unidad,id_producto, id_pedido) VALUES(8,2,9,50,4,3);
INSERT INTO detalle_pedido(id_detalle_pedido, cantidad,numero_linea, precio_unidad,id_producto, id_pedido) VALUES(9,2,4,20,5,2);
INSERT INTO detalle_pedido(id_detalle_pedido, cantidad,numero_linea, precio_unidad,id_producto, id_pedido) VALUES(10,2,43,12,6,5);
INSERT INTO detalle_pedido(id_detalle_pedido, cantidad,numero_linea, precio_unidad,id_producto, id_pedido) VALUES(11,2,13,67,4,1);
INSERT INTO detalle_pedido(id_detalle_pedido, cantidad,numero_linea, precio_unidad,id_producto, id_pedido) VALUES(12,2,5,5,46,4);
INSERT INTO detalle_pedido(id_detalle_pedido, cantidad,numero_linea, precio_unidad,id_producto, id_pedido) VALUES(13,3,8,120,9,9);
INSERT INTO detalle_pedido(id_detalle_pedido, cantidad,numero_linea, precio_unidad,id_producto, id_pedido) VALUES(14,3,22,32,5,4);
INSERT INTO detalle_pedido(id_detalle_pedido, cantidad,numero_linea, precio_unidad,id_producto, id_pedido) VALUES(15,3,23,11,5,5);
INSERT INTO detalle_pedido(id_detalle_pedido, cantidad,numero_linea, precio_unidad,id_producto, id_pedido) VALUES(16,3,13,30,26,1);
INSERT INTO detalle_pedido(id_detalle_pedido, cantidad,numero_linea, precio_unidad,id_producto, id_pedido) VALUES(17,3,17,15,6,2);
INSERT INTO detalle_pedido(id_detalle_pedido, cantidad,numero_linea, precio_unidad,id_producto, id_pedido) VALUES(18,3,18,24,25,3);
INSERT INTO detalle_pedido(id_detalle_pedido, cantidad,numero_linea, precio_unidad,id_producto, id_pedido) VALUES(19,4,31,12,8,13);
INSERT INTO detalle_pedido(id_detalle_pedido, cantidad,numero_linea, precio_unidad,id_producto, id_pedido) VALUES(20,4,34,42,8,5);
INSERT INTO detalle_pedido(id_detalle_pedido, cantidad,numero_linea, precio_unidad,id_producto, id_pedido) VALUES(21,4,40,42,9,12);
INSERT INTO detalle_pedido(id_detalle_pedido, cantidad,numero_linea, precio_unidad,id_producto, id_pedido) VALUES(22,4,25,3,6,5);
INSERT INTO detalle_pedido(id_detalle_pedido, cantidad,numero_linea, precio_unidad,id_producto, id_pedido) VALUES(23,4,43,4,6,3);
INSERT INTO detalle_pedido(id_detalle_pedido, cantidad,numero_linea, precio_unidad,id_producto, id_pedido) VALUES(24,4,16,17,9,4);
INSERT INTO detalle_pedido(id_detalle_pedido, cantidad,numero_linea, precio_unidad,id_producto, id_pedido) VALUES(25,4,14,38,10,2);
INSERT INTO detalle_pedido(id_detalle_pedido, cantidad,numero_linea, precio_unidad,id_producto, id_pedido) VALUES(26,4,13,21,9,1);
INSERT INTO detalle_pedido(id_detalle_pedido, cantidad,numero_linea, precio_unidad,id_producto, id_pedido) VALUES(27,7,13,3,11,1);
INSERT INTO detalle_pedido(id_detalle_pedido, cantidad,numero_linea, precio_unidad,id_producto, id_pedido) VALUES(28,7,28,1,32,2);
INSERT INTO detalle_pedido(id_detalle_pedido, cantidad,numero_linea, precio_unidad,id_producto, id_pedido) VALUES(29,7,11,10,10,3);
INSERT INTO detalle_pedido(id_detalle_pedido, cantidad,numero_linea, precio_unidad,id_producto, id_pedido) VALUES(30,9,1,80,1,3);
INSERT INTO detalle_pedido(id_detalle_pedido, cantidad,numero_linea, precio_unidad,id_producto, id_pedido) VALUES(31,9,8,450,1,2);
INSERT INTO detalle_pedido(id_detalle_pedido, cantidad,numero_linea, precio_unidad,id_producto, id_pedido) VALUES(32,9,6,80,8,1);
INSERT INTO detalle_pedido(id_detalle_pedido, cantidad,numero_linea, precio_unidad,id_producto, id_pedido) VALUES(33,9,9,15,9,2);
INSERT INTO detalle_pedido(id_detalle_pedido, cantidad,numero_linea, precio_unidad,id_producto, id_pedido) VALUES(34,10,28,5,7,2);
INSERT INTO detalle_pedido(id_detalle_pedido, cantidad,numero_linea, precio_unidad,id_producto, id_pedido) VALUES(35,10,19,30,5,1);
INSERT INTO detalle_pedido(id_detalle_pedido, cantidad,numero_linea, precio_unidad,id_producto, id_pedido) VALUES(36,10,34,5,4,3);
INSERT INTO detalle_pedido(id_detalle_pedido, cantidad,numero_linea, precio_unidad,id_producto, id_pedido) VALUES(37,11,6,180,1,3);
INSERT INTO detalle_pedido(id_detalle_pedido, cantidad,numero_linea, precio_unidad,id_producto, id_pedido) VALUES(38,11,47,80,8,1);
INSERT INTO detalle_pedido(id_detalle_pedido, cantidad,numero_linea, precio_unidad,id_producto, id_pedido) VALUES(39,12,9,290,1,1);
INSERT INTO detalle_pedido(id_detalle_pedido, cantidad,numero_linea, precio_unidad,id_producto, id_pedido) VALUES(40,13,9,5,14,1);
INSERT INTO detalle_pedido(id_detalle_pedido, cantidad,numero_linea, precio_unidad,id_producto, id_pedido) VALUES(41,13,11,12,14,2);
INSERT INTO detalle_pedido(id_detalle_pedido, cantidad,numero_linea, precio_unidad,id_producto, id_pedido) VALUES(42,13,14,5,10,3);
INSERT INTO detalle_pedido(id_detalle_pedido, cantidad,numero_linea, precio_unidad,id_producto, id_pedido) VALUES(43,14,23,8,11,2);
INSERT INTO detalle_pedido(id_detalle_pedido, cantidad,numero_linea, precio_unidad,id_producto, id_pedido) VALUES(44,14,13,13,5,1);
INSERT INTO detalle_pedido(id_detalle_pedido, cantidad,numero_linea, precio_unidad,id_producto, id_pedido) VALUES(45,15,48,4,13,3);
INSERT INTO detalle_pedido(id_detalle_pedido, cantidad,numero_linea, precio_unidad,id_producto, id_pedido) VALUES(46,15,33,2,6,2);
INSERT INTO detalle_pedido(id_detalle_pedido, cantidad,numero_linea, precio_unidad,id_producto, id_pedido) VALUES(47,15,36,6,10,1);
INSERT INTO detalle_pedido(id_detalle_pedido, cantidad,numero_linea, precio_unidad,id_producto, id_pedido) VALUES(48,15,23,9,10,4);
INSERT INTO detalle_pedido(id_detalle_pedido, cantidad,numero_linea, precio_unidad,id_producto, id_pedido) VALUES(49,16,45,12,12,1);
INSERT INTO detalle_pedido(id_detalle_pedido, cantidad,numero_linea, precio_unidad,id_producto, id_pedido) VALUES(50,16,36,10,9,2);
INSERT INTO detalle_pedido(id_detalle_pedido, cantidad,numero_linea, precio_unidad,id_producto, id_pedido) VALUES(51,17,11,5,14,1);
INSERT INTO detalle_pedido(id_detalle_pedido, cantidad,numero_linea, precio_unidad,id_producto, id_pedido) VALUES(52,17,22,5,12,3);
INSERT INTO detalle_pedido(id_detalle_pedido, cantidad,numero_linea, precio_unidad,id_producto, id_pedido) VALUES(53,17,37,5,9,2);
INSERT INTO detalle_pedido(id_detalle_pedido, cantidad,numero_linea, precio_unidad,id_producto, id_pedido) VALUES(54,17,46,5,22,4);
INSERT INTO detalle_pedido(id_detalle_pedido, cantidad,numero_linea, precio_unidad,id_producto, id_pedido) VALUES(55,17,36,5,18,5);
INSERT INTO detalle_pedido(id_detalle_pedido, cantidad,numero_linea, precio_unidad,id_producto, id_pedido) VALUES(56,18,24,4,12,2);
INSERT INTO detalle_pedido(id_detalle_pedido, cantidad,numero_linea, precio_unidad,id_producto, id_pedido) VALUES(57,18,22,2,4,1);
INSERT INTO detalle_pedido(id_detalle_pedido, cantidad,numero_linea, precio_unidad,id_producto, id_pedido) VALUES(58,18,15,10,6,3);
INSERT INTO detalle_pedido(id_detalle_pedido, cantidad,numero_linea, precio_unidad,id_producto, id_pedido) VALUES(59,19,10,9,12,5);
INSERT INTO detalle_pedido(id_detalle_pedido, cantidad,numero_linea, precio_unidad,id_producto, id_pedido) VALUES(60,19,23,6,8,4);
INSERT INTO detalle_pedido(id_detalle_pedido, cantidad,numero_linea, precio_unidad,id_producto, id_pedido) VALUES(61,19,17,1,32,2);
INSERT INTO detalle_pedido(id_detalle_pedido, cantidad,numero_linea, precio_unidad,id_producto, id_pedido) VALUES(62,19,48,5,13,1);
INSERT INTO detalle_pedido(id_detalle_pedido, cantidad,numero_linea, precio_unidad,id_producto, id_pedido) VALUES(63,19,20,20,4,3);
INSERT INTO detalle_pedido(id_detalle_pedido, cantidad,numero_linea, precio_unidad,id_producto, id_pedido) VALUES(64,20,11,14,14,1);
INSERT INTO detalle_pedido(id_detalle_pedido, cantidad,numero_linea, precio_unidad,id_producto, id_pedido) VALUES(65,20,30,8,12,2);
INSERT INTO detalle_pedido(id_detalle_pedido, cantidad,numero_linea, precio_unidad,id_producto, id_pedido) VALUES(66,21,21,5,14,3);
INSERT INTO detalle_pedido(id_detalle_pedido, cantidad,numero_linea, precio_unidad,id_producto, id_pedido) VALUES(67,21,18,22,4,1);
INSERT INTO detalle_pedido(id_detalle_pedido, cantidad,numero_linea, precio_unidad,id_producto, id_pedido) VALUES(68,21,5,3,8,2);
INSERT INTO detalle_pedido(id_detalle_pedido, cantidad,numero_linea, precio_unidad,id_producto, id_pedido) VALUES(69,22,24,1,6,1);
INSERT INTO detalle_pedido(id_detalle_pedido, cantidad,numero_linea, precio_unidad,id_producto, id_pedido) VALUES(70,23,2,110,1,4);
INSERT INTO detalle_pedido(id_detalle_pedido, cantidad,numero_linea, precio_unidad,id_producto, id_pedido) VALUES(71,23,10,50,22,3);
INSERT INTO detalle_pedido(id_detalle_pedido, cantidad,numero_linea, precio_unidad,id_producto, id_pedido) VALUES(72,23,8,4,50,2);
INSERT INTO detalle_pedido(id_detalle_pedido, cantidad,numero_linea, precio_unidad,id_producto, id_pedido) VALUES(73,23,49,30,5,1);
INSERT INTO detalle_pedido(id_detalle_pedido, cantidad,numero_linea, precio_unidad,id_producto, id_pedido) VALUES(74,24,22,3,15,1);
INSERT INTO detalle_pedido(id_detalle_pedido, cantidad,numero_linea, precio_unidad,id_producto, id_pedido) VALUES(75,24,1,4,7,4);
INSERT INTO detalle_pedido(id_detalle_pedido, cantidad,numero_linea, precio_unidad,id_producto, id_pedido) VALUES(76,24,23,2,7,2);
INSERT INTO detalle_pedido(id_detalle_pedido, cantidad,numero_linea, precio_unidad,id_producto, id_pedido) VALUES(77,24,21,10,20,3);
INSERT INTO detalle_pedido(id_detalle_pedido, cantidad,numero_linea, precio_unidad,id_producto, id_pedido) VALUES(78,25,7,15,9,1);
INSERT INTO detalle_pedido(id_detalle_pedido, cantidad,numero_linea, precio_unidad,id_producto, id_pedido) VALUES(79,25,9,4,30,3);
INSERT INTO detalle_pedido(id_detalle_pedido, cantidad,numero_linea, precio_unidad,id_producto, id_pedido) VALUES(80,25,4,10,30,2);
INSERT INTO detalle_pedido(id_detalle_pedido, cantidad,numero_linea, precio_unidad,id_producto, id_pedido) VALUES(81,26,15,9,25,3);
INSERT INTO detalle_pedido(id_detalle_pedido, cantidad,numero_linea, precio_unidad,id_producto, id_pedido) VALUES(82,26,18,4,25,1);
INSERT INTO detalle_pedido(id_detalle_pedido, cantidad,numero_linea, precio_unidad,id_producto, id_pedido) VALUES(83,26,18,14,25,2);
INSERT INTO detalle_pedido(id_detalle_pedido, cantidad,numero_linea, precio_unidad,id_producto, id_pedido) VALUES(84,27,11,22,6,2);
INSERT INTO detalle_pedido(id_detalle_pedido, cantidad,numero_linea, precio_unidad,id_producto, id_pedido) VALUES(85,27,2,22,6,3);
INSERT INTO detalle_pedido(id_detalle_pedido, cantidad,numero_linea, precio_unidad,id_producto, id_pedido) VALUES(86,27,16,40,6,1);
INSERT INTO detalle_pedido(id_detalle_pedido, cantidad,numero_linea, precio_unidad,id_producto, id_pedido) VALUES(87,28,11,8,9,3);
INSERT INTO detalle_pedido(id_detalle_pedido, cantidad,numero_linea, precio_unidad,id_producto, id_pedido) VALUES(88,28,13,3,26,2);
INSERT INTO detalle_pedido(id_detalle_pedido, cantidad,numero_linea, precio_unidad,id_producto, id_pedido) VALUES(89,28,47,1,42,1);
INSERT INTO detalle_pedido(id_detalle_pedido, cantidad,numero_linea, precio_unidad,id_producto, id_pedido) VALUES(90,29,2,4,50,4);
INSERT INTO detalle_pedido(id_detalle_pedido, cantidad,numero_linea, precio_unidad,id_producto, id_pedido) VALUES(91,29,9,4,28,1);
INSERT INTO detalle_pedido(id_detalle_pedido, cantidad,numero_linea, precio_unidad,id_producto, id_pedido) VALUES(92,29,4,20,31,35);
INSERT INTO detalle_pedido(id_detalle_pedido, cantidad,numero_linea, precio_unidad,id_producto, id_pedido) VALUES(93,29,12,2,11,12);
INSERT INTO detalle_pedido(id_detalle_pedido, cantidad,numero_linea, precio_unidad,id_producto, id_pedido) VALUES(94,29,10,10,9,13);
INSERT INTO detalle_pedido(id_detalle_pedido, cantidad,numero_linea, precio_unidad,id_producto, id_pedido) VALUES(95,30,4,10,1,16);
INSERT INTO detalle_pedido(id_detalle_pedido, cantidad,numero_linea, precio_unidad,id_producto, id_pedido) VALUES(96,30,8,2,32,12);
INSERT INTO detalle_pedido(id_detalle_pedido, cantidad,numero_linea, precio_unidad,id_producto, id_pedido) VALUES(97,30,12,2,19,13);
INSERT INTO detalle_pedido(id_detalle_pedido, cantidad,numero_linea, precio_unidad,id_producto, id_pedido) VALUES(98,30,7,4,31,15);
INSERT INTO detalle_pedido(id_detalle_pedido, cantidad,numero_linea, precio_unidad,id_producto, id_pedido) VALUES(99,30,9,10,45,14);
INSERT INTO detalle_pedido(id_detalle_pedido, cantidad,numero_linea, precio_unidad,id_producto, id_pedido) VALUES(100,30,10,5,5,24);
INSERT INTO detalle_pedido(id_detalle_pedido, cantidad,numero_linea, precio_unidad,id_producto, id_pedido) VALUES(101,31,9,25,2,33);
INSERT INTO detalle_pedido(id_detalle_pedido, cantidad,numero_linea, precio_unidad,id_producto, id_pedido) VALUES(102,31,12,1,20,27);
INSERT INTO detalle_pedido(id_detalle_pedido, cantidad,numero_linea, precio_unidad,id_producto, id_pedido) VALUES(103,31,4,6,29,23);
INSERT INTO detalle_pedido(id_detalle_pedido, cantidad,numero_linea, precio_unidad,id_producto, id_pedido) VALUES(104,32,19,1,14,24);
INSERT INTO detalle_pedido(id_detalle_pedido, cantidad,numero_linea, precio_unidad,id_producto, id_pedido) VALUES(105,32,26,4,15,25);
INSERT INTO detalle_pedido(id_detalle_pedido, cantidad,numero_linea, precio_unidad,id_producto, id_pedido) VALUES(106,32,25,1,15,32);
INSERT INTO detalle_pedido(id_detalle_pedido, cantidad,numero_linea, precio_unidad,id_producto, id_pedido) VALUES(107,32,28,29,5,29);
INSERT INTO detalle_pedido(id_detalle_pedido, cantidad,numero_linea, precio_unidad,id_producto, id_pedido) VALUES(108,32,13,5,20,35);
INSERT INTO detalle_pedido(id_detalle_pedido, cantidad,numero_linea, precio_unidad,id_producto, id_pedido) VALUES(109,33,17,423,2,34);
INSERT INTO detalle_pedido(id_detalle_pedido, cantidad,numero_linea, precio_unidad,id_producto, id_pedido) VALUES(110,33,29,120,8,36);
INSERT INTO detalle_pedido(id_detalle_pedido, cantidad,numero_linea, precio_unidad,id_producto, id_pedido) VALUES(111,33,24,212,10,37);
INSERT INTO detalle_pedido(id_detalle_pedido, cantidad,numero_linea, precio_unidad,id_producto, id_pedido) VALUES(112,33,27,150,6,38);
INSERT INTO detalle_pedido(id_detalle_pedido, cantidad,numero_linea, precio_unidad,id_producto, id_pedido) VALUES(113,34,3,56,7,40);
INSERT INTO detalle_pedido(id_detalle_pedido, cantidad,numero_linea, precio_unidad,id_producto, id_pedido) VALUES(114,34,7,12,29,34);
INSERT INTO detalle_pedido(id_detalle_pedido, cantidad,numero_linea, precio_unidad,id_producto, id_pedido) VALUES(115,34,12,20,18,31);
INSERT INTO detalle_pedido(id_detalle_pedido, cantidad,numero_linea, precio_unidad,id_producto, id_pedido) VALUES(116,34,14,24,18,22);
INSERT INTO detalle_pedido(id_detalle_pedido, cantidad,numero_linea, precio_unidad,id_producto, id_pedido) VALUES(117,35,21,12,14,24);
INSERT INTO detalle_pedido(id_detalle_pedido, cantidad,numero_linea, precio_unidad,id_producto, id_pedido) VALUES(118,35,47,55,8,23);
INSERT INTO detalle_pedido(id_detalle_pedido, cantidad,numero_linea, precio_unidad,id_producto, id_pedido) VALUES(119,35,16,3,10,22);
INSERT INTO detalle_pedido(id_detalle_pedido, cantidad,numero_linea, precio_unidad,id_producto, id_pedido) VALUES(120,35,18,36,10,21);
INSERT INTO detalle_pedido(id_detalle_pedido, cantidad,numero_linea, precio_unidad,id_producto, id_pedido) VALUES(121,35,22,72,10,15);
INSERT INTO detalle_pedido(id_detalle_pedido, cantidad,numero_linea, precio_unidad,id_producto, id_pedido) VALUES(122,36,30,4,12,12);
INSERT INTO detalle_pedido(id_detalle_pedido, cantidad,numero_linea, precio_unidad,id_producto, id_pedido) VALUES(123,36,1,2,7,13);
INSERT INTO detalle_pedido(id_detalle_pedido, cantidad,numero_linea, precio_unidad,id_producto, id_pedido) VALUES(124,36,17,6,7,14);
INSERT INTO detalle_pedido(id_detalle_pedido, cantidad,numero_linea, precio_unidad,id_producto, id_pedido) VALUES(125,36,3,1,12,15);
INSERT INTO detalle_pedido(id_detalle_pedido, cantidad,numero_linea, precio_unidad,id_producto, id_pedido) VALUES(126,36,9,15,13,21);
INSERT INTO detalle_pedido(id_detalle_pedido, cantidad,numero_linea, precio_unidad,id_producto, id_pedido) VALUES(127,37,15,4,50,21);
INSERT INTO detalle_pedido(id_detalle_pedido, cantidad,numero_linea, precio_unidad,id_producto, id_pedido) VALUES(128,37,7,203,8,40);
INSERT INTO detalle_pedido(id_detalle_pedido, cantidad,numero_linea, precio_unidad,id_producto, id_pedido) VALUES(129,37,16,38,10,33);
INSERT INTO detalle_pedido(id_detalle_pedido, cantidad,numero_linea, precio_unidad,id_producto, id_pedido) VALUES(130,38,19,5,14,31);
INSERT INTO detalle_pedido(id_detalle_pedido, cantidad,numero_linea, precio_unidad,id_producto, id_pedido) VALUES(131,38,26,2,14,32);
INSERT INTO detalle_pedido(id_detalle_pedido, cantidad,numero_linea, precio_unidad,id_producto, id_pedido) VALUES(132,39,25,3,12,31);
INSERT INTO detalle_pedido(id_detalle_pedido, cantidad,numero_linea, precio_unidad,id_producto, id_pedido) VALUES(133,39,30,6,12,32);
INSERT INTO detalle_pedido(id_detalle_pedido, cantidad,numero_linea, precio_unidad,id_producto, id_pedido) VALUES(134,40,1,4,1,11);
INSERT INTO detalle_pedido(id_detalle_pedido, cantidad,numero_linea, precio_unidad,id_producto, id_pedido) VALUES(135,40,2,8,1,12);

  
INSERT INTO pago(id_pago,id_cliente,forma_pago,id_transaccion,fecha_pago,total) VALUES (1,1,'PayPal','ak-std-000001','2008-11-10',2000);
INSERT INTO pago(id_pago,id_cliente,forma_pago,id_transaccion,fecha_pago,total) VALUES (2,1,'PayPal','ak-std-000002','2008-12-10',2000);
INSERT INTO pago(id_pago,id_cliente,forma_pago,id_transaccion,fecha_pago,total) VALUES (3,3,'PayPal','ak-std-000003','2009-01-16',5000);
INSERT INTO pago(id_pago,id_cliente,forma_pago,id_transaccion,fecha_pago,total) VALUES (4,3,'PayPal','ak-std-000004','2009-02-16',5000);
INSERT INTO pago(id_pago,id_cliente,forma_pago,id_transaccion,fecha_pago,total) VALUES (5,3,'PayPal','ak-std-000005','2009-02-19',926);
INSERT INTO pago(id_pago,id_cliente,forma_pago,id_transaccion,fecha_pago,total) VALUES (6,4,'PayPal','ak-std-000006','2007-01-08',20000);
INSERT INTO pago(id_pago,id_cliente,forma_pago,id_transaccion,fecha_pago,total) VALUES (7,4,'PayPal','ak-std-000007','2007-01-08',20000);
INSERT INTO pago(id_pago,id_cliente,forma_pago,id_transaccion,fecha_pago,total) VALUES (8,4,'PayPal','ak-std-000008','2007-01-08',20000);
INSERT INTO pago(id_pago,id_cliente,forma_pago,id_transaccion,fecha_pago,total) VALUES (9,4,'PayPal','ak-std-000009','2007-01-08',20000);
INSERT INTO pago(id_pago,id_cliente,forma_pago,id_transaccion,fecha_pago,total) VALUES (10,4,'PayPal','ak-std-000010','2007-01-08',1849);
INSERT INTO pago(id_pago,id_cliente,forma_pago,id_transaccion,fecha_pago,total) VALUES (11,5,'Transferencia','ak-std-000011','2006-01-18',23794);
INSERT INTO pago(id_pago,id_cliente,forma_pago,id_transaccion,fecha_pago,total) VALUES (12,7,'Cheque','ak-std-000012','2009-01-13',2390);
INSERT INTO pago(id_pago,id_cliente,forma_pago,id_transaccion,fecha_pago,total) VALUES (13,9,'PayPal','ak-std-000013','2009-01-06',929);
INSERT INTO pago(id_pago,id_cliente,forma_pago,id_transaccion,fecha_pago,total) VALUES (14,13,'PayPal','ak-std-000014','2008-08-04',2246);
INSERT INTO pago(id_pago,id_cliente,forma_pago,id_transaccion,fecha_pago,total) VALUES (15,14,'PayPal','ak-std-000015','2008-07-15',4160);
INSERT INTO pago(id_pago,id_cliente,forma_pago,id_transaccion,fecha_pago,total) VALUES (16,15,'PayPal','ak-std-000016','2009-01-15',2081);
INSERT INTO pago(id_pago,id_cliente,forma_pago,id_transaccion,fecha_pago,total) VALUES (17,15,'PayPal','ak-std-000035','2009-02-15',10000);
INSERT INTO pago(id_pago,id_cliente,forma_pago,id_transaccion,fecha_pago,total) VALUES (18,16,'PayPal','ak-std-000017','2009-02-16',4399);
INSERT INTO pago(id_pago,id_cliente,forma_pago,id_transaccion,fecha_pago,total) VALUES (19,19,'PayPal','ak-std-000018','2009-03-06',232);
INSERT INTO pago(id_pago,id_cliente,forma_pago,id_transaccion,fecha_pago,total) VALUES (20,16,'PayPal','ak-std-000019','2009-03-26',272);
INSERT INTO pago(id_pago,id_cliente,forma_pago,id_transaccion,fecha_pago,total) VALUES (21,10,'PayPal','ak-std-000020','2008-03-18',18846);
INSERT INTO pago(id_pago,id_cliente,forma_pago,id_transaccion,fecha_pago,total) VALUES (22,17,'PayPal','ak-std-000021','2009-02-08',10972);
INSERT INTO pago(id_pago,id_cliente,forma_pago,id_transaccion,fecha_pago,total) VALUES (23,18,'PayPal','ak-std-000022','2009-01-13',8489);
INSERT INTO pago(id_pago,id_cliente,forma_pago,id_transaccion,fecha_pago,total) VALUES (24,10,'PayPal','ak-std-000024','2009-01-16',7863);
INSERT INTO pago(id_pago,id_cliente,forma_pago,id_transaccion,fecha_pago,total) VALUES (25,15,'PayPal','ak-std-000025','2007-10-06',3321);
INSERT INTO pago(id_pago,id_cliente,forma_pago,id_transaccion,fecha_pago,total) VALUES (26,18,'PayPal','ak-std-000026','2006-05-26',1171);
